SynapseID,FromSegmentID,ToSegmentID,xPosition,yPosition,zPosition
1,16492,10017,26.64,48.02,31.38
2,13837,14807,32.74,50.93,31.41
3,13723,13212,30.5,52.1,31.44
4,13832,10016,39.6,55.13,31.47
5,16236,10016,21.31,47.28,31.44
6,14194,10017,28.25,49.97,31.41
7,13871,13187,30.31,51.14,31.56
8,14140,13506,30.67,54.12,31.44
9,14139,13192,30.84,52.46,31.41
10,13837,14807,34.99,52.32,31.53
11,14119,13199,34.94,55.44,31.47
12,16260,16178,18.79,46.37,31.5
13,13832,13202,39.6,55.73,31.47
14,14061,16673,20.93,48.72,31.65
15,13880,13222,28.27,49.01,31.56
16,13740,14805,31.49,50.69,31.5
17,13779,14806,32.28,50.11,31.68
18,16262,16673,18.38,45.19,31.71
19,16262,16673,18.77,44.9,31.68
20,16668,16263,25.54,47.52,31.53
21,13692,13190,34.06,53.42,31.89
22,14098,13202,37.63,54.53,31.53
23,13762,10018,29.95,54.26,31.53
24,15074,13191,33.29,50.52,31.62
25,14091,14805,34.87,51.07,31.59
26,13864,10018,37.18,56.28,31.92
27,14220,13225,41.06,54.43,31.62
28,16351,16639,18.14,45.89,31.68
29,16230,10016,24.46,50.4,31.59
30,13685,13191,31.3,52.42,31.59
31,13837,10017,35.02,52.99,31.86
32,13686,10017,30.05,51.31,32.58
33,15809,10017,24,48.17,32.85
34,13761,13191,34.39,52.01,32.82
35,16330,10016,24.72,54.07,33.33
36,14552,13220,27.84,47.45,33.06
37,13686,10016,29.16,51.43,32.97
38,16319,16576,19.25,44.83,32.94
39,16512,16361,21.94,44.71,33
40,13724,10016,30.14,52.68,32.97
41,13985,14818,41.02,52.32,32.94
42,15703,16673,18.31,47.21,32.97
43,16681,10016,23.38,45,33
44,14007,10018,27.62,52.85,32.97
45,14162,14804,32.86,49.22,33.06
46,13833,13190,37.22,54.91,32.97
47,13761,13154,37.94,55.8,32.94
48,15287,14807,39.43,50.21,33.27
49,16255,16661,19.87,44.38,32.97
50,13685,14803,34.92,50.47,33.15
51,13725,10017,28.97,52.85,33.24
52,13787,14804,30.34,48.91,32.97
53,13703,13191,32.04,52.94,33.09
54,14083,13181,33.5,49.66,33.18
55,14156,14805,27.24,48.82,33.06
56,14067,10018,27.62,51.82,33.03
57,14033,10016,30.74,54.62,33.06
58,14105,13154,39,58.18,33.24
59,14499,13198,27.34,47.78,33.09
60,14151,13192,41.54,51.24,33.12
61,14207,10014,25.22,51.12,33.03
62,13753,10016,27.53,50.04,33.15
63,14013,13187,27.7,50.64,33.15
64,13773,13220,28.63,51.94,33.09
65,14100,12323,35.14,56.98,33.03
66,13712,13186,36.77,55.18,33.09
67,16303,10013,17.86,49.73,33.12
68,13709,13196,35.59,53.71,33.12
69,13941,14651,32.38,47.18,34.41
70,16159,16673,21.19,46.58,34.35
71,13837,10017,36.5,57.6,34.47
72,15269,14804,32.42,48.19,34.56
73,13929,13192,26.93,53.45,34.41
74,13968,13202,36.55,55.94,34.41
75,13688,10016,31.61,54.65,34.41
76,16370,16263,22.63,46.61,34.53
77,16280,10016,18.24,48.67,34.56
78,13716,10016,33.24,54.24,34.59
79,16259,10016,19.25,50.59,34.5
80,16449,10014,24.5,53.98,34.5
81,14496,16263,25.87,47.04,34.59
82,16492,14429,25.97,48.62,34.5
83,10866,10013,27.22,54.12,34.5
84,13836,10017,29.71,53.21,34.62
85,13923,13191,31.94,50.5,34.5
86,14466,13213,37.56,47.98,34.77
87,16391,16576,17.69,49.61,34.53
88,11399,13220,23.69,50.64,34.53
89,16160,13187,24.98,51.31,34.65
90,13891,10017,33.02,56.18,34.68
91,13884,13192,33.96,51.5,34.53
92,14019,13154,36.55,56.95,34.5
93,14066,16163,25.39,48.67,34.53
94,14035,13206,29.42,54,34.59
95,13740,13191,30.86,50.86,34.62
96,14033,10013,31.87,55.73,34.53
97,14635,12323,35.04,57.29,34.53
98,13909,13190,36.24,55.15,34.56
99,13833,10017,37.44,57.19,34.53
100,16430,16178,21.41,45.31,34.56
101,14034,13188,30.96,55.39,34.56
102,14687,14651,36.14,47.95,34.59
103,16318,13154,17.83,48.41,34.65
104,14463,13218,25.85,52.3,34.62
105,14009,13217,28.15,54.17,34.62
106,15666,15502,28.39,46.06,34.68
107,13969,13182,35.28,56.57,34.68
108,13960,10016,37.7,51.41,34.65
109,16414,16192,20.45,44.66,35.88
110,13768,13191,33.17,50.26,35.94
111,13876,10013,27.38,51.77,35.91
112,13998,13227,39.46,56.9,35.88
113,13702,10016,31.7,53.42,35.94
114,10866,10016,24.91,51.62,35.88
115,13818,13191,36,51.74,36
116,13830,13192,36.31,54.86,35.88
117,13744,10014,27.6,49.61,35.94
118,16018,13192,41.06,48.58,36.03
119,13957,10013,39.41,56.45,35.94
120,13979,10016,39.62,52.87,36
121,16575,16211,18.38,43.25,36
122,16362,16670,19.54,47.69,36.03
123,13846,13181,33.74,52.85,36
124,16684,16552,17.93,49.46,36
125,16356,16367,21.96,48.43,35.97
126,13836,10016,26.57,52.46,35.97
127,13758,10013,31.94,53.98,35.97
128,13718,10013,34.37,54.46,36
129,13831,14651,34.73,50.28,35.94
130,14466,14651,42.34,50.11,35.97
131,14156,16639,20.23,45.96,36.03
132,14064,13206,30.6,50.16,36
133,13829,13189,37.46,53.38,36
134,14466,13213,34.3,49.27,36.3
135,13814,10016,35.06,52.01,36.03
136,15694,14803,35.81,46.54,36.09
137,13901,13198,28.37,51.24,36.06
138,13713,13198,30.43,49.49,36.09
139,14095,12323,31.42,55.44,36
140,13976,13197,38.69,51.58,36
141,14872,13189,39.89,53.4,36
142,13785,13198,29.9,49.03,36.03
143,14968,13202,32.09,54.82,36.09
144,14513,14803,32.16,47.47,36.06
145,13790,13201,36.43,53.59,36.09
146,13838,10016,38.69,54.31,36.06
147,16694,16476,18.43,45.74,36.06
148,16217,10018,19.9,51.12,36.09
149,15714,10014,28.63,44.9,36.18
150,14228,14651,30.7,46.8,36.06
151,14025,13198,30.84,53.95,36.09
152,13790,13188,34.9,54.62,36.09
153,13829,13190,37.7,53.45,36.09
154,13685,13211,38.54,48.58,36.03
155,16336,10016,16.9,44.88,36.15
156,16706,14802,18.77,48.91,36.3
157,15867,10016,21.26,50.14,36.18
158,14045,10016,25.68,50.9,36.09
159,13843,13127,28.22,48.6,36.12
160,15425,15331,29.52,45.62,36.39
161,14080,14808,30.53,48.38,36.12
162,13820,13213,35.11,52.2,37.56
163,15205,15129,37.75,49.08,37.32
164,16634,16531,18.07,44.5,37.41
165,13687,13206,31.1,51.72,37.47
166,15567,15577,37.68,47.35,37.83
167,11399,10016,30.7,53.57,37.47
168,13824,12531,41.45,49.03,37.56
169,14064,10014,30.02,50.06,37.59
170,13791,13184,41.04,54.58,37.41
171,13848,10016,19.46,47.71,37.53
172,16373,16367,19.68,45.96,37.5
173,14063,13187,25.06,50.69,37.53
174,13734,14802,30.17,53.35,37.47
175,13912,14801,33.72,50.93,37.53
176,13851,13197,35.21,55.2,37.62
177,13791,10014,37.99,53.76,37.5
178,13824,14802,38.18,55.56,37.5
179,15317,10014,31.61,45.79,37.56
180,16209,16367,21.55,46.85,37.77
181,14041,13187,25.9,51.31,37.59
182,14046,13229,26.66,51.34,37.59
183,13900,15217,31.03,46.63,37.65
184,13731,14803,31.99,50.04,37.62
185,14513,13213,33.34,50.14,37.53
186,13788,14801,37.99,52.51,37.53
187,15704,15155,31.25,45.62,37.62
188,15195,13230,38.57,49.94,37.83
189,13960,15156,39.79,49.3,37.56
190,16182,16552,20.11,48.65,37.59
191,16437,10016,21.62,49.25,37.62
192,14572,13229,28.7,44.95,37.68
193,13923,10014,28.7,49.42,37.68
194,15207,13227,30.22,45.77,37.62
195,15100,13214,40.9,52.94,37.62
196,16619,16673,18.41,45.6,38.61
197,14470,13228,28.8,46.73,38.82
198,15570,15331,30.31,44.38,38.79
199,15212,13214,39.41,53.28,38.97
200,15989,13226,41.26,53.59,39.12
201,15651,13225,41.95,50.54,38.91
202,15396,15129,32.74,49.66,38.91
203,15976,15502,29.62,44.14,38.94
204,15298,14801,32.35,49.1,39.03
205,15397,14801,29.18,47.86,38.97
206,15393,14651,32.78,47.28,39.03
207,15231,14801,36.96,48.82,39.12
208,14050,13189,38.98,49.75,39.06
209,15267,13229,29.45,46.56,39.33
210,15683,10014,37.56,49.51,39.15
211,15692,13225,37.51,48.36,39.03
212,15344,13189,38.45,49.37,39.06
213,15765,15577,34.22,47.86,39.09
214,13861,13213,35.04,51.34,39.12
215,15749,13189,38.26,49.85,39.09
216,15233,15599,31.73,49.85,40.23
217,15797,10014,28.2,48.05,40.41
218,16042,10014,33.58,49.94,40.41
219,13772,15488,27.94,49.01,40.5
220,14504,14801,29.02,49.1,40.5
221,15316,15531,31.37,48.74,40.53
222,16179,10018,23.26,49.97,30.48
223,16675,16258,23.81,50.35,30.6
224,16523,10018,21.62,49.66,30.66
225,14745,10017,29.59,50.62,30.81
226,14188,16555,23.14,48.38,30.66
227,16430,10017,21.34,49.03,30.75
228,14575,13198,26.69,49.44,30.72
229,13834,10017,36.55,52.85,31.2
230,16281,16407,22.37,48.82,30.9
231,13836,13182,33,53.04,30.84
232,16666,14805,22.18,49.7,30.87
233,16537,14805,23.02,49.37,30.9
234,14259,10016,31.94,51.05,30.99
235,14119,13211,35.54,52.99,31.08
236,14099,10017,37.42,54.36,31.02
237,14553,14120,39.53,56.59,31.47
238,14188,16359,24.55,50.4,30.93
239,14061,13191,30.82,53.06,30.99
240,14093,13203,33.84,52.97,30.99
241,14455,14538,27.38,48.48,31.38
242,14239,13154,32.5,54.41,31.17
243,13836,13506,33,53.66,30.96
244,13837,13199,34.58,52.03,31.05
245,16260,16576,20.98,46.78,30.99
246,13952,10016,38.9,55.58,31.23
247,16389,14805,20.5,49.49,31.02
248,16176,16407,21.22,49.9,31.02
249,13754,13154,29.66,52.92,31.11
250,13752,10016,30.96,51.38,31.05
251,14555,10016,28.13,49.37,31.11
252,13897,14812,29.98,53.23,31.05
253,14093,14805,34.1,51.67,31.11
254,16318,16573,19.34,48.58,31.17
255,14778,13198,26.57,49.08,31.08
256,13896,14805,29.88,50.71,31.17
257,14545,13212,29.71,50.14,31.17
258,13761,13199,33.36,52.56,31.23
259,16349,10016,25.99,47.69,31.23
260,13897,10017,30.07,53.74,31.17
261,14453,13192,26.69,52.99,31.26
262,13960,14803,34.75,51.46,31.32
263,13752,13222,29.3,50.54,31.29
264,14232,10018,40.73,56.33,31.29
265,13810,13212,32.09,52.9,31.32
266,14058,13196,37.49,55.18,31.35
267,16339,16497,19.2,49.22,31.32
268,13836,13154,32.21,53.93,31.29
269,14092,13212,32.62,53.98,31.32
270,16298,10017,20.59,47.3,31.35
271,16372,15502,22.66,46.2,31.38
272,14273,13192,27.46,53.21,31.38
273,14207,10018,24.22,52.37,31.41
274,16289,10017,23.3,49.9,31.44
275,16236,16178,20.98,47.06,31.47
276,14462,10017,29.95,51.5,31.44
277,13880,10016,28.01,49.37,31.35
278,16307,10018,19.03,48.55,31.62
279,14097,13506,36.94,54.12,31.74
280,13720,13182,32.26,50.74,31.71
281,14004,13181,38.74,54.77,31.74
282,14220,10017,40.73,54.5,31.8
283,16339,14812,18.98,49.56,31.68
284,14001,13202,39.72,53.66,32.01
285,14159,14804,31.32,49.58,31.74
286,15074,10016,33.41,50.74,31.71
287,16666,15502,21.79,48.48,31.83
288,13737,13192,28.44,53.11,31.77
289,13875,13542,28.94,53.35,31.77
290,13685,13192,31.32,52.61,31.77
291,14259,13192,31.34,50.35,31.74
292,13883,13210,34.1,51.1,31.8
293,13834,14803,36.62,52.08,31.77
294,16666,14805,21.19,47.88,31.89
295,16628,10018,21.98,51.6,31.86
296,16581,16263,23.21,47.69,31.8
297,16327,16178,23.47,45.84,31.92
298,14016,10018,24.19,49.85,31.77
299,13725,13154,31.58,52.99,31.86
300,14152,13200,40.85,55.34,31.89
301,14016,16497,22.27,46.49,31.83
302,13932,13212,28.85,50.26,31.83
303,13724,14805,28.85,51.07,31.89
304,13692,13506,33.96,54.24,32.28
305,16339,16576,18.79,49.32,31.83
306,13723,14805,30.34,50.52,31.83
307,13739,10017,35.52,52.87,31.89
308,16395,16670,18.7,46.22,31.92
309,14008,10017,30.22,54.26,31.92
310,13764,10016,34.44,52.61,32.07
311,16193,16568,19.22,50.21,32.07
312,14130,13181,39.19,56.23,32.01
313,14407,10016,40.3,57.1,32.07
314,16226,10018,17.57,48.6,32.04
315,14070,10018,29.64,53.78,31.98
316,14220,13225,41.28,54.24,32.04
317,15757,16211,16.99,45.53,31.95
318,16413,16227,18.12,44.28,32.07
319,16583,16234,20.18,47.74,32.22
320,14187,14812,26.4,51.6,32.01
321,13837,10017,32.02,52.66,32.22
322,14093,13199,32.83,55.06,32.1
323,16299,14805,17.78,46.9,32.07
324,13983,13204,38.78,51.91,32.1
325,14219,10018,40.1,56.42,32.07
326,14110,10018,30.74,54.79,32.07
327,14014,13182,32.54,49.94,32.04
328,13837,13182,32.76,51.94,32.07
329,13926,16603,25.66,48.91,32.07
330,13883,13210,34.06,52.08,32.13
331,14097,13154,38.38,57.12,32.07
332,14097,13200,38.74,56.88,32.13
333,13954,10016,39.65,55.68,32.13
334,14152,10016,40.25,55.92,32.25
335,15757,10016,17.76,46.22,32.22
336,16372,14805,19.75,47.45,32.13
337,16213,16361,20.33,45.19,32.19
338,14014,10016,31.37,49.68,32.16
339,13870,13187,31.42,51.43,32.1
340,14098,10018,35.64,56.23,32.16
341,14220,14818,41.16,54.84,32.07
342,16422,16639,20.81,46.46,32.13
343,13751,13217,26.33,53.42,32.16
344,14187,13220,26.62,51.84,32.13
345,14008,13207,27.89,54.12,32.31
346,14114,13212,32.83,51.53,32.13
347,16339,10016,17.06,44.88,32.19
348,16159,10017,22.3,45.79,32.19
349,13692,13191,33.14,53.35,32.25
350,13722,10016,34.3,51.74,32.16
351,13961,13211,36.43,50.98,32.19
352,13952,13202,38.11,55.46,32.22
353,14452,10018,22.54,52.34,32.46
354,16349,10017,23.54,46.63,32.25
355,14452,10016,24.84,53.04,32.34
356,16433,13218,25.22,51.72,32.25
357,16337,10018,23.04,48.29,32.28
358,16349,15502,23.3,46.87,32.58
359,13926,10017,25.1,48.98,32.31
360,14395,13533,39.7,57.62,32.22
361,16542,16576,18.22,48.19,32.22
362,14208,10017,27.29,50.38,32.22
363,13880,10018,27.72,51.55,32.31
364,13897,13187,28.68,49.34,32.25
365,13870,10016,31.15,51.46,32.28
366,14073,13506,31.54,54.84,32.28
367,13923,10016,35.04,50.95,32.31
368,13854,10016,36.26,52.49,32.31
369,16696,12531,17.81,43.58,32.43
370,16609,16361,20.23,50.95,32.52
371,14091,10016,34.73,51.31,32.25
372,13874,14805,30.86,49.99,32.28
373,14395,14120,39.29,57.67,32.34
374,14129,13506,39.86,52.32,32.31
375,15809,10017,22.3,48.72,32.4
376,16282,10017,24.24,50.11,32.37
377,13810,10016,24.24,51.17,32.37
378,16297,10017,24.72,48.36,32.46
379,14137,14808,29.16,49.22,32.37
380,16510,10018,21.65,48.91,32.43
381,16297,10018,24.19,49.2,32.4
382,13689,10018,29.3,53.69,32.37
383,13761,13192,29.35,50.62,32.4
384,14024,13181,35.74,51.53,32.37
385,16594,16576,21.46,45.46,32.49
386,14464,15502,25.8,49.42,32.34
387,13739,13191,32.78,53.11,32.46
388,13859,13154,37.46,54.6,32.4
389,14016,13206,26.69,53.4,32.43
390,14014,10017,27.89,50.14,32.46
391,13722,10016,34.82,51.91,32.4
392,13773,13182,35.38,51.98,32.52
393,14004,13154,38.35,57.34,32.55
394,14152,10016,40.8,55.68,32.55
395,14607,10016,41.71,52.66,32.46
396,15757,10016,21.98,46.97,32.58
397,16550,10018,23.64,50.64,32.49
398,14013,10018,26.5,50.93,32.46
399,14008,13217,28.1,54.55,32.46
400,14115,13182,33.94,49.9,32.52
401,13842,13188,35.83,52.75,32.49
402,14002,10017,39.98,52.92,32.58
403,16232,16178,18,45.1,32.52
404,16478,10018,18.53,45.77,32.49
405,16293,14805,20.09,44.59,32.46
406,14455,10016,26.23,49.85,32.52
407,14014,10016,27.58,50.38,32.46
408,13739,13187,31.03,50.57,32.67
409,13842,13182,35.76,52.32,32.46
410,13775,13154,39.67,54.5,32.55
411,16542,10016,18.17,47.71,32.58
412,16337,16192,20.76,45.86,32.52
413,14188,10014,25.49,51.34,32.55
414,16459,10018,26.02,48.62,32.55
415,13773,13183,32.35,50.81,32.61
416,14156,13196,37.54,50.86,32.7
417,13871,13187,28.94,50.74,32.61
418,13833,13190,36.79,54.58,32.58
419,16566,16670,19.27,43.94,32.73
420,16389,14805,22.01,49.18,32.61
421,13859,14812,23.57,51.41,32.61
422,14159,13198,29.38,49.27,32.73
423,13863,13205,36.94,55.78,32.73
424,14002,10017,40.49,53.06,32.73
425,16337,16178,21.24,45.94,32.61
426,14234,10017,26.35,52.27,32.73
427,14159,13212,30.07,49.22,32.61
428,13761,14808,30.53,49.82,32.61
429,14239,13190,37.08,51.07,32.67
430,16236,16178,19.32,46.18,32.73
431,14512,13187,31.25,48.82,32.67
432,14445,16145,40.32,51.7,32.82
433,14061,16671,18.96,47.35,32.7
434,16599,16361,19.39,48.24,32.76
435,16440,16234,19.85,47.54,32.7
436,16308,10018,24.55,49.78,32.73
437,13933,10018,28.51,52.61,32.67
438,13923,13182,36.12,50.62,32.73
439,14001,13192,41.26,53.16,32.82
440,14273,13218,25.1,53.54,32.82
441,14008,10017,27.24,53.26,32.7
442,13692,10016,33.96,53.64,32.73
443,14071,13154,39.31,57.72,32.7
444,16352,16361,20.35,46.63,32.82
445,16634,14805,20.52,45.22,32.73
446,13897,13198,28.27,48.96,32.73
447,13833,13154,36.74,55.34,32.76
448,14578,13186,38.66,57.79,32.73
449,16319,10016,18.62,45.14,32.79
450,16520,16639,21.91,46.27,32.88
451,14274,10017,23.95,51.7,32.82
452,13715,13203,35.16,53.83,32.79
453,14058,10016,37.56,54.96,32.79
454,16628,10016,21.58,47.57,32.82
455,14038,13154,26.98,52.49,32.79
456,13830,14120,40.56,54.89,32.82
457,14062,13198,28.3,52.66,32.88
458,14261,13154,28.03,54.22,32.91
459,13752,10017,28.18,50.21,32.88
460,14222,14811,40.58,51.98,32.85
461,14068,13192,27.19,50.47,32.88
462,13761,13203,37.68,55.75,32.88
463,14008,13206,28.13,53.42,32.97
464,13951,10013,37.63,56.38,32.97
465,16499,16476,18.17,43.78,33.12
466,14181,13116,24.1,52.27,33.12
467,16376,16178,26.4,47.21,33.27
468,13938,14812,29.28,54.26,33.12
469,16460,10018,18.14,43.2,33.18
470,14201,10016,21.6,51.74,33.12
471,16610,16178,22.42,46.03,33.18
472,14144,13209,27.96,49.01,33.3
473,14057,13181,34.56,56.02,33.21
474,13837,10017,36.29,55.94,33.18
475,14155,13181,38.38,51.7,33.18
476,16207,16178,23.71,45.36,33.27
477,16652,10018,20.57,47.59,33.24
478,14073,10017,31.42,55.66,33.3
479,13834,10016,35.71,54.65,33.27
480,13999,13200,38.21,55.78,33.36
481,14970,10016,40.66,52.75,33.33
482,16381,10016,17.54,43.44,33.27
483,14038,10016,26.95,51.96,33.27
484,14690,13186,40.51,56.69,33.21
485,14153,14811,41.5,53.11,33.27
486,13879,16672,24.41,51.94,33.27
487,13787,13220,29.21,48.84,33.27
488,13834,10016,36.31,54.22,33.39
489,14000,13186,36.65,57.1,33.33
490,13982,13509,38.95,51.41,33.3
491,13854,13186,39.72,52.49,33.24
492,16283,16673,19.61,45.7,33.33
493,16532,16361,21.86,45.5,33.42
494,16273,10018,24.98,53.35,33.33
495,14008,10017,25.39,52.94,33.33
496,13928,13206,28.87,54.1,33.36
497,13877,12323,29.9,53.86,33.33
498,14126,13202,37.18,57.14,33.36
499,13713,14810,38.88,57.77,33.39
500,14223,14814,40.3,57.26,33.48
501,13775,13195,35.09,53.64,33.39
502,13830,10017,37.9,54.6,33.39
503,15867,16576,19.34,46.97,33.45
504,14068,10014,27,49.9,33.39
505,14116,10017,29.26,54.67,33.42
506,13830,10016,38.28,54.46,33.51
507,16435,10013,17.69,49.63,33.45
508,16590,16178,21.91,46.94,33.39
509,14499,14429,27.17,47.3,33.57
510,13868,13212,30.36,52.94,33.36
511,16347,10018,17.93,50.35,33.45
512,16196,16192,18.34,43.75,33.48
513,14201,10014,22.27,51.96,33.42
514,15757,16519,22.85,47.23,33.45
515,13954,14814,40.87,54.91,33.42
516,16479,16576,20.16,48.17,33.57
517,14085,13197,35.64,51.07,33.48
518,14210,13211,35.83,49.42,33.6
519,13824,10013,36.98,56.59,33.63
520,14059,14120,39.34,54.43,33.54
521,16479,10016,20.93,48.84,33.63
522,14153,16163,21.05,51.41,33.48
523,13726,10017,28.18,52.22,33.66
524,13836,13192,31.01,53.4,33.66
525,13892,13154,35.18,55.99,33.48
526,16517,10016,23.33,46.1,33.54
527,13780,13183,30.96,51,33.54
528,13702,10014,40.56,54.48,33.66
529,16179,10016,23.38,47.83,33.63
530,16160,10018,24.14,51.55,33.57
531,14039,13207,26.9,52.51,33.66
532,13773,13183,31.46,50.62,33.54
533,14025,13182,35.98,56.4,33.63
534,14211,13181,32.93,49.13,33.6
535,14153,16163,22.37,50.86,33.72
536,13929,10017,29.88,54.7,33.6
537,13868,12323,30.31,53.62,33.66
538,13757,14804,30.96,48.74,33.63
539,14086,13197,38.06,51.58,33.6
540,16387,10018,22.34,50.16,34.05
541,16394,14812,22.75,51.91,33.87
542,13902,10017,28.78,54.41,33.66
543,13777,13182,31.44,53.21,33.9
544,14034,13193,31.56,54,33.69
545,14176,14120,37.73,57.82,33.63
546,14239,15156,38.18,50.16,33.63
547,16184,10016,22.44,46.68,33.69
548,15809,10016,24.79,47.74,33.69
549,14064,10016,30.19,48.89,33.69
550,13906,13189,37.87,55.25,33.84
551,14151,10016,39.58,52.32,33.66
552,14499,16263,26.69,46.63,33.69
553,14157,14808,32.52,49.1,33.72
554,14414,14803,34.9,48.48,33.84
555,14388,10016,21.96,51.79,33.72
556,13968,13154,32.64,56.26,33.69
557,13991,13181,40.27,56.74,33.87
558,15427,13509,41.26,50.81,33.9
559,16206,16538,18.65,49.94,33.84
560,16394,10016,23.28,51.79,33.96
561,14014,10016,24.48,51.12,33.78
562,10864,13207,27.12,53.95,33.78
563,14174,13186,40.13,55.15,33.81
564,14049,13218,24.38,52.56,33.87
565,14014,10016,24.38,50.78,33.78
566,14497,13198,26.71,49.25,33.81
567,14024,14808,33.1,48.22,33.87
568,13837,10017,36.77,55.97,33.87
569,13774,13192,37.92,52.27,33.9
570,14007,13506,40.75,53.35,33.81
571,14388,16446,21.55,51.6,33.81
572,13968,13154,34.32,56.09,33.81
573,13841,13195,34.87,53.69,33.84
574,13814,13183,35.47,49.06,33.81
575,13773,10016,37.25,51.86,33.81
576,14105,13214,39.26,58.13,33.9
577,13854,13186,40.08,52.51,33.84
578,15286,15263,40.54,50.74,33.96
579,16479,14802,18.36,48.19,33.84
580,16479,16672,22.01,52.25,33.9
581,10867,10013,30.77,54.72,33.9
582,13991,14120,40.39,57.07,33.96
583,14092,13225,40.82,51.74,33.84
584,14443,10014,40.97,52.8,33.84
585,16195,16688,17.21,47.14,33.96
586,16190,16263,22.94,46.99,33.93
587,13879,10013,26.14,52.44,33.87
588,13936,10018,26.38,53.23,33.87
589,13879,13207,29.23,53.59,33.99
590,15893,13211,36.34,48.48,33.93
591,14179,15156,38.66,49.39,33.93
592,14169,14810,38.98,57.31,33.96
593,14349,13192,39.17,55.44,33.96
594,15273,13198,25.82,47.95,34.14
595,13776,13192,29.18,52.78,34.11
596,13760,10013,32.64,55.75,33.99
597,13912,13181,32.66,48.79,33.9
598,14157,13182,32.93,49.44,33.93
599,13841,13201,34.85,54.02,33.9
600,15213,14718,37.75,50.04,33.93
601,13773,10016,38.88,51.38,33.96
602,16627,16670,18.94,43.51,34.02
603,16395,16407,22.63,46.42,33.93
604,14049,12323,24.5,53.09,33.96
605,14199,14537,27.26,48.65,33.9
606,14019,13217,28.22,54.05,33.96
607,13863,13199,33.77,55.27,33.99
608,16472,16476,17.09,44.02,34.14
609,13949,13222,32.14,47.95,34.02
610,14071,13205,37.39,57.17,33.99
611,15213,13191,37.51,49.78,34.14
612,14174,10016,41.33,54.07,33.99
613,14238,10017,33.7,56.71,34.08
614,13984,13186,40.3,53.86,34.05
615,13949,13213,34.2,48.89,34.11
616,14118,14651,37.42,49.15,34.05
617,16462,10016,20.59,51.41,34.29
618,16284,10016,24.77,46.99,34.05
619,14008,15599,25.97,53.76,34.05
620,10864,13183,27.14,54,34.05
621,13882,12323,31.8,53.66,34.17
622,16463,16670,20.11,45.36,34.14
623,14516,13228,22.8,52.7,34.11
624,13868,10013,30.55,53.66,34.14
625,14103,13189,36.58,56.4,34.08
626,14176,10016,37.49,57.5,34.11
627,16479,10013,20.52,48.89,34.11
628,16184,16576,20.59,45.79,34.08
629,14210,13222,32.14,48.94,34.17
630,13758,10013,32.26,55.61,34.2
631,13982,10017,38.93,52.06,34.14
632,16610,16178,21.72,46.01,34.23
633,16297,16243,22.78,50.78,34.26
634,14157,13183,32.52,49.75,34.23
635,14394,14651,32.93,48.36,34.26
636,13855,10016,34.03,53.69,34.17
637,14006,10013,37.32,54.82,34.14
638,14154,14811,40.42,52.7,34.14
639,16676,16568,17.23,49.97,34.17
640,14452,13228,22.75,52.94,34.26
641,14194,15502,27.19,47.69,34.2
642,13860,13199,36.55,55.1,34.2
643,13852,13189,37.06,57.34,34.2
644,14156,10016,39.19,51.43,34.26
645,16564,16692,17.4,47.69,34.2
646,16565,16476,18.07,42.98,34.23
647,16215,16178,18.62,44.71,34.2
648,16606,16497,21.46,49.34,34.32
649,14226,13206,28.06,55.06,34.26
650,13854,13193,33.82,54.05,34.26
651,13703,10016,34.13,50.16,34.26
652,13968,13196,36.41,55.61,34.2
653,16479,16243,21.91,52.22,34.23
654,14198,13220,23.78,51.48,34.23
655,14113,13183,28.1,54.53,34.29
656,13967,13202,35.52,56.21,34.29
657,13928,16145,41.23,50.52,34.29
658,13933,12323,28.01,53.28,34.32
659,15767,14803,33.94,47.59,34.32
660,13961,13192,36.77,51.5,34.35
661,13830,13216,37.87,55.03,34.35
662,16529,10016,16.97,47.06,34.26
663,13703,10016,34.46,54.26,34.32
664,16657,10016,19.61,44.81,34.35
665,14156,16636,23.66,47.78,34.32
666,14582,13506,41.11,51.43,34.35
667,16501,16192,19.42,44.14,34.41
668,16297,10013,22.49,50.66,34.41
669,14068,13192,26.33,53.42,34.38
670,13777,10016,31.25,50.06,34.35
671,15703,16178,20.52,46.18,34.38
672,13910,13181,36.02,54.79,34.44
673,14201,16624,19.7,49.92,34.47
674,13923,10016,32.57,51.1,34.44
675,13948,13182,32.52,56.09,34.47
676,14558,15502,23.5,48.07,34.5
677,13703,13190,34.32,54.29,34.77
678,16613,10016,23.62,51.82,34.74
679,12280,10015,26.26,46.58,34.86
680,13766,13192,27.26,52.82,34.8
681,14033,13202,31.73,55.63,34.65
682,13863,10013,33.1,55.08,34.62
683,14133,13201,34.32,57.1,34.62
684,13887,13205,37.13,55.56,34.68
685,14118,12531,38.11,48.77,34.65
686,13825,13200,39.05,57.02,34.71
687,16249,16476,17.52,42.89,34.71
688,16325,10014,23.5,52.44,34.77
689,13754,10014,26.71,49.75,34.77
690,13703,10013,33.62,53.95,34.77
691,13885,13188,35.38,55.46,34.77
692,13951,10014,38.66,52.51,34.71
693,16363,10018,20.09,48.82,34.71
694,16508,16361,20.57,50.74,34.74
695,16484,15502,23.71,47.52,34.86
696,13824,10016,37.44,56.83,34.74
697,13907,10013,37.58,56.3,34.8
698,16355,16698,17.04,47.9,34.83
699,16613,10013,21.36,49.68,34.77
700,15866,13228,29.18,45.74,34.77
701,13786,13183,28.06,53.02,34.8
702,14076,10014,29.81,49.2,34.8
703,14133,13189,34.44,57.14,34.8
704,13848,13202,34.99,56.18,34.83
705,16700,12531,18,43.94,34.83
706,16338,13154,18.94,50.47,34.83
707,16165,16163,21.22,51.6,34.83
708,13721,16407,24.43,47.38,34.8
709,14227,14809,27.62,46.92,34.86
710,16678,12531,20.62,44.74,34.92
711,14740,10018,21.26,50.23,34.92
712,16492,13228,25.46,48.98,34.89
713,14182,16672,25.66,54.29,34.89
714,14007,13154,28.75,54.14,34.86
715,13689,10017,31.92,55.22,34.83
716,13907,13181,36.77,54.65,34.89
717,16273,10016,17.35,48.89,35.1
718,16655,16235,19.06,45.29,34.92
719,14156,16673,21.14,47.04,34.92
720,16682,16497,24.26,47.93,34.86
721,14037,13218,26.45,52.9,35.16
722,14258,14651,31.94,47.59,35.01
723,14089,14651,38.3,51.24,34.98
724,16638,10013,18.17,49.01,34.95
725,14452,10013,21.29,52.06,34.98
726,13752,10016,22.25,46.15,34.98
727,14471,14429,29.86,47.57,34.98
728,13716,13154,31.34,55.61,35.04
729,14415,14806,32.71,47.74,34.95
730,13718,13195,35.74,56.26,35.01
731,13702,13181,35.76,55.13,34.89
732,13829,14651,37.08,51.62,35.01
733,16517,10014,23.5,50.28,35.04
734,14558,13228,23.66,48.26,34.95
735,14356,14665,27.41,54.82,34.98
736,14239,10014,37.49,50.02,35.19
737,14558,10016,25.39,47.33,35.01
738,14145,13198,26.33,49.63,34.98
739,14036,13183,28.99,54.65,34.98
740,13857,13188,32.88,55.39,35.01
741,13970,14810,34.49,56.74,35.01
742,15273,13228,26.93,47.52,35.04
743,13854,10017,30.7,54.62,35.04
744,14967,10016,31.3,54.6,35.04
745,14083,13181,33.46,48.86,35.22
746,14201,16646,17.21,48.1,35.04
747,16501,16673,20.14,44.18,35.07
748,13721,16178,25.32,47.66,35.07
749,14199,13228,26.02,47.66,35.16
750,13703,10016,36.41,55.87,35.07
751,13822,10014,38.76,52.01,35.04
752,13982,10016,39.43,52.37,35.04
753,13870,13187,29.38,50.93,35.16
754,13688,10016,31.39,53.9,35.07
755,13703,13190,34.13,56.18,35.13
756,13837,13201,37.94,55.9,35.04
757,13839,13197,39.02,51.14,35.07
758,16584,10018,17.26,49.85,35.19
759,16508,16361,19.2,48.91,35.16
760,14069,16407,22.66,51.05,35.1
761,16459,16163,25.78,49.51,35.16
762,13751,10014,27.84,49.63,35.1
763,14471,14429,29.06,47.42,35.16
764,13716,13154,32.4,55.66,35.1
765,13706,13182,34.44,54.72,35.16
766,13912,10013,38.06,55.63,35.1
767,13825,14748,38.86,57.12,35.16
768,16467,10016,20.09,51.53,35.13
769,15318,13228,28.58,47.06,35.22
770,13845,15217,29.78,48.1,35.22
771,13777,13206,30.58,52.7,35.16
772,14072,12323,35.14,57.17,35.13
773,16518,10016,19.49,46.27,35.31
774,16419,16407,20.88,49.56,35.22
775,16410,16519,21.65,45.5,35.13
776,10866,12323,25.2,53.06,35.25
777,13930,12323,29.83,53.66,35.16
778,15367,12531,30.12,45.65,35.19
779,13834,10017,33.98,56.95,35.19
780,14005,13201,34.66,57.12,35.16
781,13957,10017,34.85,56.52,35.16
782,14133,10016,36.86,55.66,35.13
783,16245,10016,19.25,50.69,35.22
784,14740,10016,21,50.42,35.22
785,11399,10016,26.45,51.96,35.25
786,14198,10014,27.55,48.14,35.37
787,14198,10014,27.86,47.76,35.22
788,13688,13183,31.2,54.12,35.49
789,13854,10013,33.58,54.96,35.22
790,15289,10014,34.34,48.38,35.22
791,14052,10016,36.86,56.06,35.22
792,16682,16601,25.1,47.28,35.19
793,14072,12323,26.06,53.95,35.28
794,10864,10013,28.27,53.11,35.22
795,13843,14809,28.32,48.38,35.28
796,14074,15331,28.7,45.41,35.28
797,13689,12323,31.22,55.3,35.28
798,13907,13190,37.61,55.94,35.25
799,13975,13181,38.64,56.06,35.22
800,16195,10018,17.04,47.62,35.25
801,16255,10016,18.77,45.72,35.37
802,16683,16243,22.85,47.9,35.31
803,14740,10014,24.34,52.32,35.25
804,13786,10014,33.84,47.57,35.37
805,14089,10014,38.5,51.17,35.25
806,16214,16407,19.99,51.31,35.31
807,16338,16407,20.23,49.73,35.28
808,14145,16672,24.72,53.98,35.28
809,14145,13212,26.88,50.14,35.52
810,13786,13183,33.94,47.95,35.31
811,14090,13213,36.77,50.14,35.37
812,16293,12531,20.52,45.46,35.34
813,16505,16263,21.53,47.26,35.37
814,13752,10016,21.7,46.3,35.4
815,15273,16243,22.9,48.98,35.34
816,16394,10016,24.41,51.36,35.49
817,13740,13207,30.36,51.12,35.46
818,13691,13183,32.45,52.9,35.4
819,15643,13225,38.3,47.88,35.37
820,16605,16695,17.45,44.14,35.31
821,16505,16178,21.6,48.48,35.43
822,14967,13183,30.77,55.73,35.37
823,14394,10014,31.68,48.72,35.43
824,13815,13192,35.28,52.2,35.46
825,16605,16671,19.61,43.73,35.43
826,16215,10013,19.87,48.89,35.37
827,13771,13183,29.4,53.93,35.43
828,13731,14803,31.63,50.33,35.46
829,13702,10017,33.79,54.58,35.37
830,15313,13230,33.96,48.43,35.46
831,13839,13181,38.83,52.54,35.43
832,15206,13197,39.74,49.06,35.58
833,16376,16407,22.22,48,35.4
834,16542,14429,25.32,46.68,35.46
835,14074,10016,28.42,49.1,35.4
836,15974,15676,28.54,44.98,35.46
837,14111,14802,31.82,56.16,35.4
838,13768,13192,33.72,49.99,35.52
839,14558,10013,19.94,49.97,35.46
840,10866,10016,25.18,52.03,35.46
841,13732,13217,27.02,53.54,35.46
842,13876,10016,27.89,52.37,35.52
843,13785,13187,30.1,48.89,35.43
844,13925,13198,30.26,51.77,35.46
845,15281,14806,35.09,47.47,35.58
846,14088,10016,36.02,50.83,35.52
847,14541,13197,37.2,49.68,35.49
848,14179,10014,39.1,51.24,35.55
849,16215,16670,17.83,44.9,35.46
850,16286,16670,18.19,43.78,35.52
851,16691,16178,21.86,44.47,35.61
852,15667,15676,28.54,46.54,35.46
853,13702,10017,31.82,53.69,35.46
854,16295,12531,18.62,44.23,35.73
855,16658,13154,18.96,50.35,35.58
856,16484,10018,20.64,48.74,35.49
857,13844,10016,29.04,50.5,35.55
858,13966,14802,29.4,55.06,35.55
859,14573,10014,30.5,48.1,35.58
860,14456,10014,32.23,47.76,35.58
861,14456,12531,32.28,47.28,35.58
862,13918,14808,32.98,46.82,35.52
863,14192,13183,33.24,49.39,35.52
864,13708,10014,38.21,52.06,35.7
865,16362,10018,19.2,49.25,35.55
866,16675,10013,22.37,49.85,35.52
867,13771,13191,31.87,51.31,35.58
868,13948,13193,32.16,53.95,35.55
869,14047,13186,37.34,56.52,35.52
870,14074,13225,40.44,53.38,35.55
871,16273,10013,17.38,48.84,35.61
872,16543,10018,20.45,51.29,35.61
873,16314,10013,20.81,51.14,35.64
874,16613,10016,21.72,49.22,35.61
875,14505,10014,28.85,47.52,35.61
876,14354,14429,29.98,47.88,35.52
877,13688,10013,31.68,54.36,35.61
878,14083,14651,32.95,48.53,35.64
879,14224,15129,33.17,47.21,35.52
880,14414,10014,35.04,49.8,35.64
881,14131,13181,37.22,57.1,35.58
882,16279,16637,18.19,44.54,35.58
883,14558,16361,19.63,49.92,35.64
884,16479,10013,23.23,50.83,35.61
885,14496,13228,25.63,49.13,35.61
886,14558,10014,25.78,46.99,35.58
887,14095,13182,32.26,55.27,35.61
888,13716,14802,32.42,55.82,35.58
889,13857,13197,32.81,55.56,35.61
890,14133,13205,37.54,55.66,35.58
891,14178,10014,40.54,51.43,35.67
892,15867,10016,21.48,49.7,35.64
893,13874,10014,28.51,49.54,35.61
894,13702,13195,34.1,54.05,35.64
895,13702,13199,35.26,55.13,35.52
896,14074,13226,39.55,53.33,35.61
897,13979,13214,41.06,54.48,35.61
898,15425,12531,29.21,45.62,35.64
899,14105,14802,39.36,57.41,35.73
900,14410,13192,39.72,51.34,35.67
901,15230,10014,41.14,49.56,35.76
902,14071,12323,24.55,53.78,35.67
903,14496,13228,24.96,49.44,35.7
904,14204,14809,26.23,49.46,35.67
905,13771,13154,27.98,54.86,35.76
906,13716,14802,31.42,55.75,35.67
907,13831,13230,34.49,50.45,35.82
908,13762,13190,35.02,54.74,35.7
909,13819,13181,35.38,50.35,35.76
910,15694,13223,36.12,46.73,35.85
911,15722,12531,36.7,47.3,35.7
912,16427,10013,20.35,48.29,35.76
913,14499,14809,24.1,47.06,35.7
914,14062,13207,25.8,52.13,35.82
915,15867,10016,26.52,47.83,35.73
916,14558,10014,28.01,47.18,35.82
917,14071,10013,29.88,54.79,35.73
918,13772,10013,31.03,51.67,35.7
919,14088,13195,35.86,50.86,35.82
920,14056,13216,38.26,55.8,35.7
921,16613,10013,22.85,49.63,35.85
922,13940,13154,27.91,51.65,35.73
923,14228,13211,38.09,50.21,35.76
924,14118,13211,39.46,48.74,35.79
925,16284,10014,25.68,46.42,35.76
926,14081,13187,29.14,49.8,35.82
927,13732,13218,27.14,53.66,35.79
928,14071,10013,29.59,54.7,35.85
929,14256,13213,33.7,49.27,35.76
930,13771,14803,34.73,48.77,35.79
931,13975,13189,38.93,55.68,35.76
932,13968,13186,39.86,55.82,35.82
933,13839,13214,40.66,54.29,35.79
934,14389,10018,28.42,54.02,35.82
935,12272,13210,37.03,47.06,35.82
936,13708,13195,37.39,54.5,35.82
937,13957,10014,40.1,54.62,35.85
938,16684,16568,17.74,49.2,35.88
939,16577,10013,18.96,46.8,35.85
940,13716,10016,34.27,53.26,35.91
941,14128,14418,41.18,54.19,35.85
942,14148,13217,25.66,53.06,35.91
943,14198,14809,27.19,47.9,35.91
944,14071,13202,32.9,55.27,35.88
945,14052,10013,38.23,55.32,35.91
946,14692,14807,39.77,49.56,35.91
947,16622,10016,23.14,50.04,35.94
948,13810,13195,35.62,55.37,35.94
949,10864,10016,37.42,56.06,35.94
950,10864,14802,37.75,57.22,35.94
951,14121,13181,38.02,56.4,35.91
952,13789,13190,38.54,53.66,35.94
953,16613,10013,22.63,51,35.97
954,14080,13198,29.04,50.83,35.97
955,13974,13216,38.16,57.14,35.97
956,16574,10014,23.93,49.68,36.18
957,15867,14429,26.64,47.3,36.24
958,15643,13225,39.26,48.79,36.18
959,16574,14429,24.5,48.94,36.18
960,14044,13207,26.78,51.41,36.3
961,13965,10016,38.59,57.6,36.21
962,13968,13192,38.95,55.01,36.15
963,14410,13192,40.92,53.52,36.27
964,16437,16367,24.26,47.14,36.33
965,16437,15676,25.01,46.82,36.18
966,13755,13187,28.54,49.99,36.21
967,13789,13186,38.66,52.87,36.27
968,15369,13192,40.92,49.27,36.21
969,16584,16624,19.58,50.52,36.18
970,16305,16407,20.35,49.13,36.24
971,16550,16317,24.43,49.49,36.33
972,13844,14802,27.84,54.43,36.27
973,13918,10013,29.64,52.03,36.24
974,13787,13183,30.53,50.45,36.24
975,13875,10013,30.79,53.3,36.24
976,14149,13198,31.87,50.81,36.24
977,15272,14806,32.04,48.65,36.24
978,13856,10013,34.42,55.13,36.24
979,15093,14806,34.94,47.14,36.24
980,14054,10016,38.38,56.52,36.27
981,13838,12531,38.66,48.82,36.21
982,16427,10013,21.77,50.83,36.27
983,16254,10014,25.46,48.36,36.3
984,14162,13207,31.25,49.73,36.33
985,13830,10016,37.49,54.05,36.33
986,14228,14651,34.87,50.14,36.3
987,13823,10016,37.8,55.44,36.39
988,15708,15676,28.37,46.58,36.27
989,14066,10014,28.94,48.6,36.36
990,14513,15155,29.18,48.07,36.39
991,14688,10017,29.54,55.08,36.3
992,13771,13183,35.16,48.86,36.33
993,14049,13205,36.22,55.97,36.33
994,13960,14801,37.54,51.72,36.36
995,12272,13225,37.82,47.38,36.33
996,16694,16670,18.72,45.55,36.33
997,16284,16367,21.72,49.25,36.42
998,15799,16317,23.54,49.2,36.33
999,13755,13212,27.22,49.54,36.63
1000,13935,13187,27.26,52.58,36.36
1001,13994,13200,39.84,55.34,36.36
1002,16396,16361,18.77,47.23,36.57
1003,16632,10013,20.28,50.16,36.36
1004,16293,16636,21.02,46.22,36.42
1005,14228,14651,28.82,45.72,36.39
1006,15319,15155,30.46,47.42,36.36
1007,13758,10013,32.23,54,36.39
1008,13838,14802,37.58,56.54,36.39
1009,14048,13181,37.94,56.3,36.39
1010,16413,12531,18.36,43.73,36.42
1011,15691,15217,28.25,45.89,36.36
1012,13902,13198,32.33,51.48,36.39
1013,16437,15676,24.72,47.11,36.45
1014,14228,10014,29.83,47.02,36.51
1015,14354,14808,30.12,47.69,36.42
1016,15270,13222,31.87,47.21,36.39
1017,14154,13183,35.95,47.45,36.42
1018,14865,12282,41.54,50.14,36.48
1019,13901,13228,26.09,50.64,36.48
1020,16550,10016,26.26,50.33,36.45
1021,14468,13206,26.45,51.55,36.48
1022,13785,14806,31.44,47.59,36.51
1023,14163,13183,31.78,49.85,36.51
1024,13755,10014,33.34,51.77,36.45
1025,13848,13201,35.95,55.87,36.48
1026,16172,16673,19.61,44.16,36.54
1027,16165,16497,21.62,48.72,36.48
1028,15100,14651,41.62,49.61,36.48
1029,15867,14802,21.29,50.38,36.54
1030,14499,16263,22.58,46.82,36.54
1031,14077,13207,29.45,49.25,36.54
1032,13688,10016,30.43,52.34,36.69
1033,13731,13206,31.73,50.54,36.57
1034,13789,13204,38.16,52.44,36.51
1035,14063,10016,25.54,50.98,36.63
1036,13742,10013,28.25,49.68,36.54
1037,14394,12531,30.91,47.23,36.6
1038,13713,13185,34.18,53.04,36.51
1039,13819,13213,36.38,52.06,36.6
1040,14154,13197,36.74,49.3,36.84
1041,13928,13189,37.22,52.01,36.54
1042,13822,14802,39.58,54.96,36.54
1043,16210,10016,17.71,43.73,36.6
1044,14047,13207,28.99,52.42,36.6
1045,14505,13228,29.98,48.38,36.57
1046,14466,14803,33.29,49.51,36.6
1047,13891,13226,33.82,54.62,36.75
1048,13717,13185,34.39,53.14,36.66
1049,14154,14806,35.98,47.3,36.57
1050,13852,14802,36.43,57.19,36.54
1051,14410,10014,36.89,48.1,36.66
1052,16613,16317,21.38,51.22,36.63
1053,13836,13220,24.65,52.99,36.57
1054,14161,13198,30.5,49.22,36.66
1055,15271,15114,31.99,47.71,36.81
1056,13852,10013,35.57,55.01,36.63
1057,14129,13225,36.14,49.15,36.57
1058,14056,13190,37.03,55.34,36.66
1059,13928,10014,37.85,52.25,36.66
1060,15322,14651,41.42,49.39,36.72
1061,15100,10014,42.05,51.12,36.6
1062,16509,16568,19.92,50.59,36.66
1063,14194,16163,26.06,48.26,36.72
1064,14227,10016,26.57,50.38,36.69
1065,14147,15217,30.31,48.34,36.69
1066,15296,13225,36.19,46.99,36.72
1067,13989,13214,40.39,56.83,36.72
1068,16613,14802,22.1,51.29,36.63
1069,14076,13229,27.46,50.23,36.66
1070,13847,10013,32.18,53.09,36.72
1071,14513,13183,33.46,50.14,36.87
1072,13790,13201,35.52,54.58,36.75
1073,15284,13230,35.81,47.95,36.66
1074,14057,13199,36.41,56.35,36.69
1075,16492,10013,20.57,48.1,36.75
1076,15269,15114,32.04,49.25,36.75
1077,14080,13206,35.23,46.78,36.72
1078,14154,13213,36.31,48.89,36.69
1079,16462,10016,22.15,48.89,36.9
1080,13755,10013,24.74,49.01,36.69
1081,13749,13228,28.44,48.67,36.78
1082,15299,13222,30.72,44.69,36.96
1083,15694,10014,36.29,47.47,36.72
1084,13855,14801,37.94,52.97,36.72
1085,13783,13191,33,51.43,36.78
1086,16562,16243,24.22,48.36,36.93
1087,16392,14809,24.65,47.69,36.81
1088,14226,15599,27.55,54,36.75
1089,13925,10013,28.58,50.59,36.75
1090,13946,13187,28.66,52.25,36.78
1091,15270,13227,31.7,47.06,36.81
1092,13975,13199,36.67,55.97,36.78
1093,13759,13192,40.1,48.89,36.81
1094,16399,16178,23.16,47.28,36.93
1095,13754,10014,24.96,50.06,36.81
1096,13979,13184,39.77,52.94,36.78
1097,16681,16601,23.62,46.32,36.84
1098,14556,10014,24.34,46.7,36.9
1099,15089,13228,26.14,50.9,36.9
1100,15273,14804,32.86,46.03,36.81
1101,15765,14651,35.71,46.42,36.84
1102,14467,13184,39.67,57.89,36.87
1103,13984,13214,39.91,53.26,36.93
1104,11399,10016,24.7,50.28,36.96
1105,15270,13227,31.46,47.23,36.87
1106,14224,14651,34.99,46.99,36.9
1107,13759,10014,38.09,49.78,36.96
1108,13966,13200,38.42,54.91,37.02
1109,14178,10014,41.14,49.85,36.99
1110,16210,10016,18.65,43.3,36.93
1111,13755,16178,22.68,48.26,36.93
1112,14160,13198,30.89,49.58,36.93
1113,15572,13230,34.97,50.09,36.9
1114,15285,12531,38.62,47.69,36.96
1115,15100,14651,38.78,48.6,37.02
1116,15695,13184,42.12,49.8,36.96
1117,16492,16552,20.11,47.98,36.93
1118,16523,12531,20.86,44.66,36.93
1119,16437,16367,23.35,48.1,36.93
1120,16456,10016,24.1,49.34,37.14
1121,13755,10014,25.01,48.96,36.96
1122,14032,13192,36.29,54.86,36.93
1123,15288,10014,38.81,49.32,36.96
1124,13947,13222,29.88,49.54,36.96
1125,14021,10016,34.49,52.42,37.02
1126,15049,10016,35.81,55.32,37.08
1127,15285,15577,38.09,47.64,36.99
1128,13984,13184,39.86,53.02,36.99
1129,13713,13183,31.3,51.34,37.02
1130,13912,13216,36.82,54.94,37.02
1131,13992,13201,37.15,55.44,37.05
1132,13702,13183,30.41,53.35,37.02
1133,13688,10013,30.82,52.9,37.17
1134,13899,13230,31.37,50.04,37.11
1135,13988,13195,36.12,51.41,37.08
1136,14240,13229,25.34,50.54,37.02
1137,13975,13189,36.46,56.09,37.02
1138,15866,16436,25.25,48.29,37.11
1139,11399,10016,26.66,51.05,37.08
1140,13687,10016,31.66,51.22,37.11
1141,13791,10014,36.65,52.42,37.14
1142,13791,13197,37.3,53.28,37.23
1143,13823,13184,38.33,55.49,37.11
1144,15370,15156,39.65,48.43,37.2
1145,16536,16670,18.07,43.94,37.11
1146,13755,13271,30.74,50.26,37.11
1147,15693,14804,36.1,46.51,37.17
1148,13791,13226,38.09,53.5,37.14
1149,15229,13225,39.55,50.09,37.2
1150,16321,10016,20.14,48.31,37.17
1151,15399,13184,40.22,48.98,37.17
1152,16526,16673,19.63,44.81,37.17
1153,14083,14651,32.62,47.4,37.23
1154,15038,10016,39.94,56.59,37.26
1155,15660,13226,41.38,51.38,37.23
1156,13721,13187,29.59,52.39,37.2
1157,13903,13207,33.19,51.02,37.35
1158,14216,14801,40.51,53.3,37.23
1159,14499,16375,22.66,46.78,37.23
1160,13755,10013,23.16,48.79,37.32
1161,15866,14809,24.77,48.65,37.32
1162,16472,16476,17.28,44.02,37.29
1163,14041,13212,25.87,51.02,37.32
1164,13856,13197,34.75,54.82,37.32
1165,15695,14651,42.17,50.21,37.26
1166,16180,16301,17.74,46.73,37.35
1167,14778,16673,18.82,45.07,37.32
1168,14079,16263,25.27,48.7,37.32
1169,13828,13201,36.62,54.67,37.32
1170,15230,10014,35.74,46.9,37.38
1171,13989,14801,39.86,55.51,37.32
1172,14032,13197,35.86,55.03,37.38
1173,16266,14802,18.48,47.81,37.35
1174,14458,14651,33.77,46.44,37.44
1175,16586,12531,17.9,43.32,37.59
1176,15314,12531,29.66,44.52,37.62
1177,13719,13185,31.56,52.51,37.68
1178,14054,14474,37.46,55.94,37.65
1179,13825,13509,39.94,54.62,37.59
1180,14610,13226,41.45,52.37,37.62
1181,13824,13214,38.3,55.06,37.74
1182,13754,10014,25.85,49.54,37.74
1183,15394,14806,32.28,46.49,37.74
1184,13852,10014,36.22,53.35,37.74
1185,14470,13187,26.98,51.94,37.86
1186,15900,14651,31.2,44.66,37.74
1187,14066,13197,35.66,51.6,37.92
1188,15407,14651,39.07,48.91,37.77
1189,14253,13192,40.44,48.77,37.8
1190,14352,13227,40.68,55.46,37.8
1191,13782,13127,26.86,50.98,37.77
1192,15229,13192,39.86,50.26,37.8
1193,13851,15758,34.92,55.39,37.8
1194,14054,14625,37.75,56.21,37.77
1195,13747,10013,25.61,50.42,37.83
1196,15292,15129,37.44,49.18,37.83
1197,13683,10014,38.04,53.86,37.89
1198,13966,13216,39.89,54.98,37.77
1199,13778,13212,27.53,52.15,38.01
1200,14410,13227,41.26,53.62,37.86
1201,16421,16635,18.91,46.08,38.16
1202,13768,13228,26.28,51.31,37.95
1203,14505,13206,29.71,49.92,37.92
1204,13825,14801,39.26,54.67,37.98
1205,11399,14802,20.86,49.06,37.98
1206,15211,15114,31.9,46.73,37.95
1207,13951,10014,39.6,48.98,37.98
1208,16675,16646,22.37,48.91,37.92
1209,14050,13216,35.45,55.18,37.98
1210,14215,13213,36.77,52.73,37.95
1211,15738,13226,41.4,51.89,38.01
1212,16491,10016,17.42,46.85,38.07
1213,16171,16670,17.9,44.16,38.1
1214,15718,10014,29.06,44.16,38.1
1215,15277,15155,30.29,45.22,38.07
1216,15270,13222,31.49,46.85,38.1
1217,14541,13197,36.67,52.39,38.04
1218,13766,13191,37.3,49.56,38.04
1219,16666,10013,17.83,45.46,38.07
1220,16333,16636,21.31,47.83,38.01
1221,13764,13189,36.48,54.89,38.1
1222,14445,14651,40.01,50.64,38.1
1223,13780,15155,28.46,49.06,38.1
1224,13899,13198,30.19,51.02,38.28
1225,15226,14651,31.34,45.7,38.13
1226,13840,14801,36.5,48.26,38.07
1227,15228,15578,39.38,49.42,38.28
1228,16014,15264,41.98,49.54,38.1
1229,15297,14806,33.5,47.76,38.13
1230,14445,13214,39.91,51,38.13
1231,15277,15502,30.07,44.42,38.19
1232,15392,14803,34.37,47.64,38.16
1233,15295,13197,36.05,49.34,38.25
1234,15277,10014,29.76,45.29,38.22
1235,14255,13230,32.14,51.84,38.16
1236,15076,13195,34.1,53.28,38.22
1237,15430,13184,37.66,52.56,38.19
1238,15262,14806,38.09,49.27,38.22
1239,13683,10014,38.47,54.5,38.19
1240,15343,15636,41.42,52.58,38.16
1241,15649,13214,41.71,51.19,38.22
1242,16348,16154,17.16,44.4,38.25
1243,14614,13189,37.18,55.61,38.13
1244,15980,13228,30.02,44.04,38.31
1245,14145,15331,30.6,44.69,38.25
1246,15703,15114,34.1,46.06,38.31
1247,14224,13207,35.38,47.35,38.25
1248,14503,14801,36.58,49.85,38.34
1249,14543,13225,37.75,51.36,38.19
1250,13689,14801,38.4,51.55,38.25
1251,13873,13217,28.51,52.03,38.25
1252,15669,15264,30.86,47.21,38.25
1253,16126,14803,32.74,45.34,38.22
1254,15228,13226,39.82,49.97,38.28
1255,13718,13207,30.74,51.34,38.34
1256,15226,14803,32.18,46.08,38.58
1257,15390,14806,32.18,47.09,38.37
1258,13965,13191,34.27,51.07,38.25
1259,15430,13195,36.58,50.95,38.31
1260,15429,13204,37.34,51.65,38.31
1261,13766,13210,38.28,49.85,38.25
1262,15207,13222,30.5,45.86,38.58
1263,15299,10014,31.1,46.46,38.4
1264,14149,13206,31.82,51.22,38.31
1265,14458,14651,36.86,49.54,38.37
1266,14557,13187,28.27,49.13,38.4
1267,14056,10014,30.94,50.47,38.37
1268,15314,13225,36.72,49.06,38.4
1269,14180,15599,29.74,50.21,38.43
1270,15571,13230,39.34,48.65,38.49
1271,15234,10014,27.38,49.63,38.4
1272,13988,10014,32.33,49.73,38.43
1273,14252,13227,39.31,54.67,38.43
1274,14631,13212,28.32,49.92,38.46
1275,15395,15530,33.48,45.94,38.49
1276,13783,14803,34.61,47.76,38.46
1277,15262,13184,38.45,50.81,38.49
1278,13689,14801,40.51,51.12,38.55
1279,15267,10014,29.86,49.49,38.49
1280,15690,10014,30.5,45.05,38.49
1281,15801,10014,33.12,45.77,38.52
1282,13988,13191,36.62,51.41,38.49
1283,15225,13223,39.07,51.48,38.49
1284,15316,10014,41.66,52.42,38.52
1285,15345,12531,36,46.94,38.58
1286,13946,15114,36.29,47.54,38.55
1287,15346,16114,36.74,47.26,38.49
1288,15316,13192,39.74,51.12,38.49
1289,15960,13184,42.55,50.59,38.52
1290,13965,13195,34.25,50.98,38.64
1291,13791,13197,34.99,52.92,38.61
1292,15328,15527,41.42,51.55,38.64
1293,15195,14651,29.3,44.02,38.64
1294,14053,15585,33.98,52.66,38.58
1295,14048,10014,34.61,50.76,38.61
1296,13997,13214,39.02,53.42,38.7
1297,15218,13187,29.06,48.62,38.61
1298,15690,14808,31.2,45.79,38.7
1299,13824,10014,39.36,53.93,38.67
1300,14095,10014,31.39,51,38.64
1301,13707,13191,33.12,52.01,38.7
1302,15218,10014,36.82,52.25,38.7
1303,13909,14801,38.11,53.4,38.76
1304,15318,10014,29.23,44.83,38.73
1305,14197,14801,33.5,49.61,38.79
1306,15316,13189,40.27,52.01,38.76
1307,15299,10014,31.44,46.44,38.73
1308,14214,14801,38.04,51.77,38.7
1309,15421,14801,31.08,49.13,38.73
1310,15424,15332,29.3,45.6,38.73
1311,15207,13227,30.67,46.32,38.82
1312,16611,16531,17.18,46.68,38.82
1313,14056,10014,29.3,49.61,38.82
1314,15372,10014,34.42,47.86,38.79
1315,13992,10014,35.4,49.18,38.76
1316,14458,14801,35.45,47.95,38.76
1317,16614,16194,18.07,46.73,38.79
1318,15227,13230,34.01,48.94,38.85
1319,15210,13226,37.06,51.38,38.79
1320,14543,15114,35.45,48.89,38.88
1321,14088,14801,36.41,49.99,38.91
1322,15744,10014,35.04,51.67,38.91
1323,15305,10014,32.02,47.35,38.94
1324,14088,14801,35.81,50.42,38.94
1325,15372,10014,36.1,48.36,38.88
1326,15293,10014,40.22,51.02,38.88
1327,15218,14803,31.7,48.98,38.88
1328,13965,14801,34.1,50.98,38.94
1329,14458,14651,39.24,50.33,38.91
1330,14022,13197,37.27,52.32,38.97
1331,14081,13229,27.7,48.91,39.21
1332,13814,13190,35.3,51.1,39.12
1333,15210,13190,36.82,51.67,39.18
1334,15574,13226,40.27,51.67,39.15
1335,15293,15529,40.56,50.47,39.3
1336,15391,15155,28.32,48.43,39.33
1337,15347,15155,31.03,47.45,39.21
1338,14083,14801,32.69,47.02,39.15
1339,15294,10014,38.93,51.1,39.18
1340,15211,14801,33.12,46.87,39.18
1341,15906,13195,38.04,53.33,39.18
1342,15300,14806,34.15,46.51,39.27
1343,15371,13191,34.54,48.26,39.21
1344,15648,14801,35.28,52.68,39.18
1345,15645,15264,41.11,51.96,39.21
1346,15670,13187,27.31,49.39,39.42
1347,14012,15599,31.06,50.4,39.21
1348,14157,14801,32.86,48.31,39.24
1349,15739,10014,35.4,50.69,39.27
1350,15293,10014,39.02,51.77,39.27
1351,13983,15987,41.83,51.34,39.3
1352,13947,13227,30.72,47.02,39.27
1353,14157,10014,32.14,48,39.42
1354,14255,14801,33.26,49.3,39.24
1355,15319,15758,36.79,50.35,39.33
1356,15576,13226,37.8,52.39,39.27
1357,15689,15264,31.3,46.22,39.3
1358,15234,14803,33.5,48.14,39.33
1359,15407,15577,37.94,48.98,39.42
1360,13947,14801,30.43,47.69,39.33
1361,15365,14801,31.63,46.7,39.39
1362,14216,15264,37.15,49.8,39.39
1363,13917,14808,27.96,47.4,39.45
1364,13814,10014,34.97,50.86,39.48
1365,15319,15585,35.93,50.69,39.48
1366,15316,14801,36.22,50.06,39.39
1367,15391,14801,28.61,48.24,39.45
1368,15345,13206,34.15,49.13,39.45
1369,15372,15264,36.48,48.77,39.42
1370,13982,15264,41.42,52.97,39.45
1371,15234,10014,32.45,49.37,39.45
1372,15748,15155,28.97,49.85,39.45
1373,15266,15977,29.28,44.47,39.69
1374,15350,14801,29.16,46.2,39.6
1375,14412,13230,34.22,50.88,39.48
1376,15675,14809,34.85,51.53,39.48
1377,15426,10014,28.97,48.26,39.57
1378,14054,15758,36.7,52.68,39.51
1379,15571,10016,34.85,51.86,39.6
1380,15270,15728,30.38,46.78,39.69
1381,15687,15114,32.52,46.08,39.75
1382,15234,13227,32.52,49.03,39.66
1383,14031,13206,32.57,50.45,39.72
1384,15347,15114,32.93,48.7,39.66
1385,15314,15921,38.76,51.19,39.66
1386,15798,14801,28.18,47.11,39.66
1387,14543,14806,34.37,47.59,39.66
1388,15351,13229,28.03,48.38,39.75
1389,15423,13271,30.48,48.91,39.72
1390,14146,15491,33.14,47.71,39.99
1391,15744,13191,33.6,51.24,39.72
1392,15348,15264,29.21,47.11,39.81
1393,15352,13229,29.38,45.6,39.78
1394,15208,14808,30.91,47.9,39.78
1395,15211,15758,37.97,49.42,39.75
1396,13920,15114,28.46,47.88,39.84
1397,15345,14801,33.89,49.97,39.84
1398,15407,13190,35.06,50.57,39.87
1399,14031,10014,32.81,49.75,39.84
1400,14412,15114,30.86,48.6,40.05
1401,15218,14803,32.14,47.28,40.05
1402,15428,13207,33.05,48.89,39.9
1403,15345,13195,34.34,50.28,39.9
1404,15760,10014,28.87,46.49,39.99
1405,14504,10014,29.52,48.96,39.99
1406,14504,14801,31.39,49.27,39.99
1407,15316,15155,28.82,47.04,40.02
1408,14513,14801,28.3,49.03,40.08
1409,15349,14808,29.69,46.46,40.08
1410,13731,15264,32.14,48.5,40.08
1411,15316,14809,28.2,47.06,40.11
1412,14031,13191,32.98,49.99,40.17
1413,15278,15585,33.74,50.45,40.23
1414,15390,15114,27.77,47.9,40.17
1415,15363,14801,28.97,45.84,40.23
1416,15719,14801,29.9,45.26,40.17
1417,15350,13227,31.08,46.73,40.2
1418,14214,15758,37.66,50.02,40.08
1419,14414,10014,32.62,50.78,40.14
1420,14031,13191,33.1,49.61,40.35
1421,13736,15114,30.89,48.94,40.32
1422,13687,14809,28.94,48.67,40.62
1423,13772,14801,31.32,49.37,40.68
1424,13992,15155,30.67,46.58,40.8
1425,13749,10014,29.26,48.48,41.01
1426,13811,13154,33.62,55.49,31.77
1427,16668,16407,25.44,48,31.53
1428,13736,13212,32.06,51.46,31.47
1429,16547,16673,19.75,46.75,31.44
1430,13704,14120,37.78,53.4,31.68
1431,16547,16576,19.7,46.22,31.5
1432,16532,16361,21.86,45.77,31.53
1433,14015,13224,27.1,49.92,31.71
1434,13888,13210,36.19,51.79,31.62
1435,13736,13191,32.18,51.48,31.8
1436,13763,10017,38.83,52.75,31.71
1437,16157,10018,20.98,49.13,32.85
1438,16388,16670,18.74,43.9,32.88
1439,16585,16361,20.9,48.05,32.94
1440,13850,13182,33.5,51.79,32.97
1441,16550,13224,23.69,50.47,32.94
1442,13739,13194,32.76,53.76,33
1443,13859,13224,23.57,51.05,33.06
1444,13913,13185,36.31,49.61,33.54
1445,12280,13208,28.42,48.17,33.18
1446,14206,13198,27.58,49.63,33.03
1447,13850,10016,33.26,51.94,33.06
1448,16481,16637,17.28,46.32,33.18
1449,13977,13210,36.65,50.9,33.18
1450,13997,13186,38.11,57.67,34.32
1451,16242,16568,17.86,50.26,34.5
1452,13978,12283,40.01,52.3,34.5
1453,13942,13209,31.46,48.65,34.62
1454,10864,13193,33.19,53.69,34.53
1455,13728,13193,32.52,53.62,34.77
1456,14197,13183,34.06,49.85,34.68
1457,15573,12282,42.46,49.49,34.77
1458,14201,13116,19.01,48.74,34.62
1459,16649,16637,18,44.71,34.74
1460,14010,13221,27.19,54.65,34.65
1461,13732,12282,29.3,53.5,35.88
1462,14865,12282,33.43,51.48,35.88
1463,13756,12282,31.85,52.1,35.97
1464,16371,16192,22.66,45.43,35.94
1465,13873,12282,28.8,52.68,36.09
1466,14039,13228,23.45,52.01,36.03
1467,13704,13216,39.91,57.6,36.21
1468,16205,16301,18.05,44.35,36.09
1469,14051,14418,39.02,58.13,36.06
1470,16323,16192,21.89,46.15,36.18
1471,13732,10013,29.78,53.76,36.06
1472,13831,13189,37.13,54.82,36.24
1473,13721,13127,29.38,51.05,37.41
1474,13717,13185,34.01,51.84,37.44
1475,14458,13223,36,51.34,37.41
1476,13848,13127,27.31,50.28,37.5
1477,13782,13127,28.78,52.08,37.53
1478,15297,15129,34.13,47.4,37.47
1479,15211,13226,41.78,49.78,37.47
1480,13791,13204,37.46,52.99,37.56
1481,13758,10014,33.96,49.99,37.74
1482,14686,13192,40.46,49.58,38.82
1483,15391,15477,28.46,49.08,39.12
1484,15576,13204,37.49,52.68,39.15
1485,13850,13191,31.97,52.63,30.78
1486,16442,16497,21.5,48.48,30.9
1487,14061,13194,33.19,54.48,31.29
1488,14277,13116,25.92,53.23,31.41
1489,16570,13116,23.98,52.58,31.74
1490,13692,13194,33.1,54.1,32.1
1491,14188,13224,25.1,50.33,31.83
1492,14196,13212,30.84,50.81,31.86
1493,16200,16178,24.02,47.18,32.01
1494,14112,13224,25.68,50.54,32.07
1495,13811,10017,33.94,55.39,31.95
1496,16159,16405,22.7,45.41,32.19
1497,14016,13116,26.71,53.76,32.01
1498,13704,10017,37.63,53.45,32.1
1499,16628,13116,23.26,52.08,32.22
1500,14067,13629,30.67,49.15,32.49
1501,13811,10017,30.89,52.87,32.43
1502,13855,13193,31.99,53.16,32.49
1503,13881,13194,32.62,54.05,32.4
1504,13866,13188,35.16,53.18,32.49
1505,14093,10017,32.38,55.06,32.55
1506,13727,13191,31.8,52.08,32.58
1507,14498,13198,27.1,48.6,32.67
1508,14182,13218,25.85,53.26,32.64
1509,16489,13116,23.26,52.18,32.67
1510,13763,10017,37.46,53.64,32.58
1511,16569,16637,17.33,47.33,32.85
1512,14107,13204,37.08,51.72,32.76
1513,16610,16405,22.87,45.55,32.85
1514,16550,13116,22.92,51.02,32.79
1515,13866,13200,40.08,54.89,32.73
1516,13727,10016,31.34,52.15,32.88
1517,14138,13209,28.82,48.94,32.94
1518,14071,13203,36,56.83,32.94
1519,16679,10016,23.64,49.32,33.21
1520,11399,13116,22.78,51,33.18
1521,16597,13116,17.54,45.55,33.24
1522,16533,16637,17.64,46.8,33.27
1523,13824,10016,37.34,56.76,33.18
1524,16386,16405,23.14,45.5,33.3
1525,14071,13202,35.76,56.59,33.33
1526,16323,13116,21.6,50.26,33.42
1527,16630,16405,22.94,45.07,33.39
1528,14206,13198,27.6,49.37,33.39
1529,14030,13194,32.5,54.34,33.48
1530,16173,13116,17.86,45.14,33.51
1531,13704,14120,38.98,55.85,33.51
1532,15093,13629,30.98,48.36,33.54
1533,13835,13195,35.52,55.46,33.75
1534,13835,13154,29.09,55.37,33.57
1535,16475,13116,18.19,45.58,33.63
1536,16236,13116,18.82,46.39,33.66
1537,16438,13116,21.67,51.07,33.6
1538,16403,13116,20.78,50.21,33.75
1539,14031,13194,32.83,54.62,33.75
1540,10864,13182,33.46,54.17,33.78
1541,13831,13211,35.81,50.78,33.87
1542,13758,10017,31.9,55.13,33.84
1543,14032,13194,33.1,54.6,33.72
1544,13763,13190,35.76,53.71,33.72
1545,13842,16637,17.62,46.37,33.9
1546,16501,16192,20.21,44.18,33.84
1547,13945,13206,28.22,53.18,33.81
1548,16678,16405,23.06,45.26,33.93
1549,14224,14803,33.38,48.72,33.93
1550,16665,16637,17.14,45.79,33.9
1551,13774,13204,37.82,51.77,34.02
1552,13704,10016,38.98,56.26,34.02
1553,16475,16637,17.9,45.38,34.11
1554,13835,12323,29.71,55.61,33.96
1555,14392,13208,29.95,48.02,34.23
1556,13835,13201,35.88,55.66,34.14
1557,16652,13116,18.19,47.66,34.11
1558,13878,10016,30.24,52.73,34.14
1559,14158,13209,31.7,49.8,34.17
1560,13828,13223,36.82,48.24,34.23
1561,15867,13116,19.8,48.41,34.2
1562,16342,13116,21.02,50.18,34.23
1563,14102,12282,38.78,50.21,34.2
1564,13879,13194,32.33,54.29,34.35
1565,13850,10016,34.75,51.84,34.38
1566,13770,13209,31.99,49.92,34.74
1567,14257,13209,30.96,48.48,34.74
1568,15640,12282,41.98,49.78,34.8
1569,16427,16672,23.28,53.23,34.74
1570,13840,13204,37.73,52.15,34.92
1571,13980,12283,40.99,53.23,34.86
1572,13774,13197,38.81,49.39,34.86
1573,15093,13223,36.79,48.22,34.89
1574,14155,12282,37.1,50.64,34.95
1575,14107,12282,39.94,50.35,34.83
1576,14496,15217,29.5,46.58,34.77
1577,14160,13208,29.93,48.36,34.86
1578,13937,12282,35.71,50.98,34.92
1579,16447,16405,23.09,45.17,34.89
1580,14544,13629,30.6,46.85,35.13
1581,15422,14806,32.66,46.49,35.01
1582,15297,12283,35.5,46.92,35.19
1583,13966,13221,27.17,54.05,35.1
1584,13690,13193,33.26,53.52,35.28
1585,13767,13183,32.57,50.59,35.16
1586,15322,12282,40.85,49.99,35.04
1587,13733,12282,34.42,51.38,35.13
1588,13725,13221,27.34,54.48,35.19
1589,14498,16178,23.35,47.02,35.25
1590,13683,13185,34.75,50.88,35.13
1591,13829,13204,37.3,52.2,35.25
1592,13959,12283,39.6,51.65,35.19
1593,14243,13188,32.52,56.04,35.25
1594,15643,15156,39.26,48,35.49
1595,16286,16637,18.55,43.56,35.31
1596,16365,16637,18.96,43.18,35.37
1597,13978,12283,38.23,49.75,35.4
1598,13988,12283,38.98,50.76,35.46
1599,13691,12282,33.12,52.51,35.49
1600,16426,10016,18.43,47.83,35.46
1601,16461,16637,19.32,43.25,35.64
1602,16427,10016,20.45,47.62,35.49
1603,16352,16405,23.47,45.12,35.46
1604,13765,16361,17.21,50.3,35.52
1605,13843,13208,28.73,48.43,35.52
1606,13765,12282,28.7,53.45,35.52
1607,13767,13209,32.33,50.59,35.7
1608,13983,13192,39.72,52.08,35.49
1609,13836,12282,28.97,53.06,35.43
1610,13685,12283,37.8,48.5,35.7
1611,13850,10016,39.43,53.98,35.58
1612,14639,15155,30.41,45.38,35.55
1613,13831,10016,36.48,52.97,35.58
1614,13813,12282,34.54,52.22,35.73
1615,13947,12282,29.57,52.73,35.7
1616,14071,13221,27.5,54.02,35.76
1617,15284,12283,35.66,47.74,35.73
1618,15211,13223,36.14,49.42,35.79
1619,16454,13224,21.86,52.03,35.7
1620,13716,13194,33.14,54.36,35.88
1621,15688,15129,33.19,46.06,35.94
1622,14968,13194,32.47,54.67,36
1623,13784,12282,31.94,52.87,36.15
1624,14865,13209,33,51.22,36.24
1625,13901,13198,30.58,51.19,36.24
1626,15290,12283,36.24,47.78,36.18
1627,13872,12282,29.64,52.78,36.27
1628,14228,14803,32.81,47.76,36.36
1629,13757,13194,33.41,54,36.42
1630,13821,13185,34.92,51.19,36.45
1631,13817,12285,36.82,52.8,36.3
1632,13828,12285,39.46,53.83,36.24
1633,13848,12285,36.07,53.33,36.27
1634,13905,15156,38.88,48,36.39
1635,16353,16301,17.04,47.26,36.39
1636,13831,12285,36.94,53.52,36.54
1637,13838,12285,38.64,53.86,36.42
1638,14685,12282,25.32,53.26,36.54
1639,13978,12285,39.91,53.66,36.51
1640,13762,12285,36.29,52.68,36.57
1641,13988,13209,32.98,50.9,36.51
1642,14872,12285,40.1,54.22,36.69
1643,13759,13193,32.71,53.5,36.78
1644,16302,16420,18.91,44.11,36.63
1645,13718,12285,35.14,53.86,36.69
1646,13690,10014,40.46,53.21,36.69
1647,13782,16420,18.46,44.4,36.69
1648,13997,13184,39.17,55.18,36.69
1649,13959,12285,36.43,53.71,36.78
1650,14357,12282,26.45,53.95,36.81
1651,14077,13271,29.21,49.01,37.02
1652,13954,12285,38.93,54.02,36.84
1653,16371,16192,21.91,46.22,36.96
1654,13760,12285,37.01,52.9,36.84
1655,14112,12282,27.29,53.52,36.81
1656,14458,15129,34.46,46.92,36.96
1657,15282,15129,33.89,47.09,36.99
1658,14872,13184,39.58,54.55,37.02
1659,13755,12285,34.58,53.98,37.02
1660,13765,10013,23.64,51.67,37.08
1661,14112,13221,27.24,53.76,37.08
1662,14150,13197,36,52.15,37.14
1663,13690,12285,40.08,53.98,37.02
1664,13783,13206,32.35,51.72,37.17
1665,15393,13227,32.98,45.53,37.23
1666,13690,13193,33.62,53.69,37.29
1667,16229,16670,19.49,44.06,37.14
1668,14185,12282,26.23,53.38,37.14
1669,13749,10014,28.39,48.7,37.11
1670,15229,13225,40.2,50.14,37.23
1671,13719,13185,32.23,52.61,37.23
1672,14184,12282,25.73,53.21,37.17
1673,13690,12285,34.78,54.22,37.29
1674,16612,16367,22.15,48.1,37.26
1675,16434,16367,21,47.42,37.65
1676,13955,13227,40.22,56.28,37.83
1677,13878,13207,31.49,50.47,37.8
1678,13892,12285,33.53,54.5,37.83
1679,13955,13200,39.7,56.54,37.86
1680,13988,13127,27.02,49.06,37.83
1681,14180,13208,29.5,50.18,37.98
1682,13763,13193,33.46,53.23,38.07
1683,16453,16367,18.67,47.16,38.04
1684,15741,13127,27.46,48.43,38.01
1685,13783,13207,32.71,50.5,38.13
1686,13821,13185,32.9,52.15,38.19
1687,13758,10014,34.06,50.4,38.16
1688,13811,13187,27.67,51.24,38.25
1689,14686,13225,40.22,49.49,38.4
1690,13988,13223,36.6,51.96,38.34
1691,13997,13214,40.03,54.67,38.34
1692,13791,13197,35.45,53.26,38.4
1693,15572,13213,35.71,50.9,38.67
1694,13791,13204,36.86,53.38,38.73
1695,15290,15129,35.74,48.46,38.7
1696,15294,10016,34.37,52.27,38.7
1697,15211,13191,35.83,49.15,39.27
1698,14121,13207,33.98,50.09,39.48
1699,15093,15129,38.35,50.26,39.72
1700,15208,14808,30.1,48.17,39.78
